metric,gemma-4-E4B-it,gemma-4-26B-A4B-it,gemma-4-31b
detection_accuracy,0.1861 ± 0.0837,0.1460 ± 0.1060,0.1459 ± 0.1104
spatial_dispersion,0.3801 ± 0.1361,0.3983 ± 0.1248,0.4095 ± 0.1133
alibi_corroboration,0.2959 ± 0.0843,0.3419 ± 0.1130,0.3273 ± 0.1036
alibi_grounding,0.6235 ± 0.1931,0.6217 ± 0.2018,0.5839 ± 0.1692
social_influence,0.1519 ± 0.0970,0.2187 ± 0.1621,0.3915 ± 0.2224
belief_volatility,0.0358 ± 0.0310,0.0684 ± 0.0600,0.0685 ± 0.0597
faction_consensus,0.3168 ± 0.0682,0.1630 ± 0.0950,0.1194 ± 0.1008
objective_viability,0.9739 ± 0.1209,0.9252 ± 0.2265,0.9651 ± 0.1265
n (rows),503,525,517
