metric,deepseek-r1-distill-qwen-32b,gemma-4-26B-A4B-it,gemma-4-31b,qwen3-32b,llama-3.3-70b
detection_accuracy,0.1960 ± 0.1082,0.1460 ± 0.1060,0.1459 ± 0.1104,0.2027 ± 0.1147,0.1660 ± 0.0902
spatial_dispersion,0.3256 ± 0.1771,0.3983 ± 0.1248,0.4095 ± 0.1133,0.3575 ± 0.1674,0.4135 ± 0.1035
alibi_corroboration,0.4729 ± 0.1686,0.3419 ± 0.1130,0.3273 ± 0.1036,0.3675 ± 0.1340,0.3055 ± 0.1529
alibi_grounding,0.5789 ± 0.1796,0.6217 ± 0.2018,0.5839 ± 0.1692,0.6070 ± 0.2167,0.6114 ± 0.2127
social_influence,0.2000 ± 0.1518,0.2187 ± 0.1621,0.3915 ± 0.2224,0.1812 ± 0.1202,0.1119 ± 0.0820
belief_volatility,0.0798 ± 0.0728,0.0684 ± 0.0600,0.0685 ± 0.0597,0.0778 ± 0.0684,0.0633 ± 0.0534
faction_consensus,0.2990 ± 0.1109,0.1630 ± 0.0950,0.1194 ± 0.1008,0.2985 ± 0.0975,0.2919 ± 0.0828
objective_viability,0.9695 ± 0.1084,0.9252 ± 0.2265,0.9651 ± 0.1265,0.9437 ± 0.1918,0.9169 ± 0.2172
n (rows),759,525,517,518,635
